holiday,ds
双十一购物节,2016/11/11
双十一购物节,2017/11/11
双十一购物节,2018/11/11
双十一购物节,2019/11/11
双十一购物节,2020/11/11
双十一购物节,2021/11/11
双十一购物节,2022/11/11
双十一购物节,2023/11/11
春节,2017/1/28
春节,2018/2/16
春节,2019/2/5
春节,2020/1/25
春节,2021/2/12
春节,2022/2/1
春节,2023/2/10
618购物节,2017/6/18
618购物节,2018/6/18
618购物节,2019/6/18
618购物节,2020/6/18
618购物节,2021/6/18
618购物节,2022/6/18
618购物节,2023/6/18
元旦,2017/1/1
元旦,2018/1/1
元旦,2019/1/1
元旦,2020/1/1
元旦,2021/1/1
元旦,2022/1/1
元旦,2023/1/1
中秋节,2016/9/15
中秋节,2017/10/4
中秋节,2018/9/24
中秋节,2019/9/13
中秋节,2020/10/1
中秋节,2021/9/21
中秋节,2022/9/10
中秋节,2023/9/29
劳动节,2017/5/1
劳动节,2018/5/1
劳动节,2019/5/1
劳动节,2020/5/1
劳动节,2021/5/1
劳动节,2022/5/1
劳动节,2023/5/1
国庆节,2016/10/1
国庆节,2017/10/1
国庆节,2018/10/1
国庆节,2019/10/1
国庆节,2020/10/1
国庆节,2021/10/1
国庆节,2022/10/1
国庆节,2023/10/1
